"","batch","temp_des","linha","clength","pop"
"1","b1","18","JP 05",0.34,"JP"
"2","b1","18","JP 05",0.34,"JP"
"3","b1","18","JP 05",0.34,"JP"
"4","b1","18","RJ 05",0.37,"RJ"
"5","b1","18","RJ 05",0.35,"RJ"
"6","b1","18","RJ 10",0.33,"RJ"
"7","b1","18","RJ 10",0.38,"RJ"
"8","b1","18","RJ 10",0.4,"RJ"
"9","b1","18","JP 28",0.33,"JP"
"10","b1","18","JP 28",0.37,"JP"
"11","b1","18","JP 28",0.37,"JP"
"12","b1","18","NE 07",0.39,"NE"
"13","b1","18","NE 07",0.38,"NE"
"14","b1","18","NE 07",0.33,"NE"
"15","b1","18","NE 15",0.34,"NE"
"16","b1","18","NE 15",0.34,"NE"
"17","b1","18","NE 15",0.36,"NE"
"18","b1","18","PE 08",0.37,"PE"
"19","b1","18","PE 08",0.37,"PE"
"20","b1","18","PE 08",0.36,"PE"
"21","b1","18","RJ 07",0.37,"RJ"
"22","b1","18","RJ 07",0.38,"RJ"
"23","b1","18","RJ 07",0.38,"RJ"
"24","b1","18","RJ 31",0.36,"RJ"
"25","b1","18","RJ 31",0.38,"RJ"
"26","b1","18","RJ 31",0.38,"RJ"
"27","b1","18","JP 24",0.37,"JP"
"28","b1","18","JP 24",0.34,"JP"
"29","b1","18","JP 24",0.34,"JP"
"30","b1","18","NE 10",0.32,"NE"
"31","b1","18","NE 10",0.31,"NE"
"32","b1","18","PE 04",0.36,"PE"
"33","b1","18","PE 04",0.35,"PE"
"34","b1","18","PE 04",0.35,"PE"
"35","b1","18","RJ 04",0.33,"RJ"
"36","b1","18","RJ 04",0.32,"RJ"
"37","b1","18","RJ 09",0.39,"RJ"
"38","b1","18","RJ 09",0.37,"RJ"
"39","b1","18","RJ 09",0.38,"RJ"
"40","b1","18","JP 10",0.34,"JP"
"41","b1","18","JP 10",0.35,"JP"
"42","b1","18","JP 10",0.32,"JP"
"43","b1","18","JP 16",0.37,"JP"
"44","b1","18","JP 16",0.34,"JP"
"45","b1","18","JP 16",0.38,"JP"
"46","b1","18","JP 22",0.35,"JP"
"47","b1","18","JP 22",0.36,"JP"
"48","b1","18","JP 22",0.38,"JP"
"49","b1","18","JP 30",0.33,"JP"
"50","b1","18","JP 30",0.29,"JP"
"51","b1","18","JP 30",0.37,"JP"
"52","b1","18","RJ 03",0.38,"RJ"
"53","b1","18","RJ 03",0.38,"RJ"
"54","b1","18","RJ 03",0.37,"RJ"
"55","b1","18","RJ 09",0.38,"RJ"
"56","b1","18","RJ 09",0.36,"RJ"
"57","b1","18","RJ 09",0.38,"RJ"
"58","b1","18","NE 08",0.33,"NE"
"59","b1","18","PE 10",0.4,"PE"
"60","b1","18","PE 10",0.4,"PE"
"61","b1","18","PE 10",0.39,"PE"
"62","b1","18","PE 12",0.4,"PE"
"63","b1","18","PE 12",0.41,"PE"
"64","b1","18","RJ 01",0.37,"RJ"
"65","b1","18","RJ 01",0.38,"RJ"
"66","b1","18","RJ 06",0.37,"RJ"
"67","b1","18","RJ 06",0.38,"RJ"
"68","b1","18","RJ 06",0.38,"RJ"
"69","b1","18","RJ 13",0.37,"RJ"
"70","b1","18","RJ 13",0.36,"RJ"
"71","b1","18","JP 14",0.34,"JP"
"72","b1","18","JP 14",0.34,"JP"
"73","b1","18","JP 14",0.32,"JP"
"74","b1","18","JP 26",0.26,"JP"
"75","b1","18","JP 26",0.35,"JP"
"76","b1","18","JP 26",0.34,"JP"
"77","b1","18","NE 03",0.38,"NE"
"78","b1","18","NE 03",0.34,"NE"
"79","b1","18","NE 03",0.29,"NE"
"80","b1","18","NE 05",0.39,"NE"
"81","b1","18","NE 05",0.36,"NE"
"82","b1","18","NE 05",0.36,"NE"
"83","b1","18","RJ 08",0.35,"RJ"
"84","b1","18","RJ 08",0.35,"RJ"
"85","b1","18","RJ 08",0.34,"RJ"
"86","b1","18","NE 35",0.37,"NE"
"87","b1","18","NE 35",0.35,"NE"
"88","b1","18","PE 06",0.35,"PE"
"89","b1","18","PE 06",0.38,"PE"
"90","b1","18","PE 06",0.37,"PE"
"91","b1","18","PE 25",0.36,"PE"
"92","b1","18","PE 25",0.32,"PE"
"93","b1","18","PE 25",0.34,"PE"
"94","b1","18","RJ 07",0.37,"RJ"
"95","b1","18","RJ 07",0.39,"RJ"
"96","b1","18","RJ 07",0.39,"RJ"
"97","b1","18","RJ 38",0.37,"RJ"
"98","b1","18","RJ 38",0.33,"RJ"
"99","b1","18","RJ 38",0.34,"RJ"
"100","b1","18","JP 40",0.35,"JP"
"101","b1","18","JP 40",0.32,"JP"
"102","b1","18","JP 40",0.36,"JP"
"103","b1","18","JP 47",0.34,"JP"
"104","b1","18","JP 47",0.4,"JP"
"105","b1","18","JP 47",0.34,"JP"
"106","b1","18","NE 26",0.4,"NE"
"107","b1","18","NE 26",0.37,"NE"
"108","b1","18","NE 26",0.38,"NE"
"109","b1","18","PE 17",0.35,"PE"
"110","b1","18","PE 17",0.36,"PE"
"111","b1","18","PE 17",0.36,"PE"
"112","b1","18","RJ 26",0.36,"RJ"
"113","b1","18","RJ 40",0.36,"RJ"
"114","b1","18","RJ 40",0.35,"RJ"
"115","b1","18","JP 32",0.34,"JP"
"116","b1","18","NE 18",0.4,"NE"
"117","b1","18","PE 23",0.37,"PE"
"118","b1","18","RJ 21",0.32,"RJ"
"119","b1","18","RJ 21",0.32,"RJ"
"120","b1","25","JP 16",0.35,"JP"
"121","b1","25","JP 16",0.36,"JP"
"122","b1","25","JP 16",0.33,"JP"
"123","b1","25","NE 03",0.35,"NE"
"124","b1","25","NE 03",0.36,"NE"
"125","b1","25","NE 09",0.36,"NE"
"126","b1","25","RJ 13",0.36,"RJ"
"127","b1","25","RJ 13",0.32,"RJ"
"128","b1","25","RJ 13",0.33,"RJ"
"129","b1","25","RJ 15",0.34,"RJ"
"130","b1","25","RJ 15",0.35,"RJ"
"131","b1","25","RJ 15",0.35,"RJ"
"132","b1","25","JP 26",0.31,"JP"
"133","b1","25","JP 26",0.31,"JP"
"134","b1","25","JP 26",0.31,"JP"
"135","b1","25","NE 06",0.36,"NE"
"136","b1","25","NE 06",0.36,"NE"
"137","b1","25","NE 08",0.35,"NE"
"138","b1","25","RJ 03",0.37,"RJ"
"139","b1","25","RJ 03",0.36,"RJ"
"140","b1","25","RJ 03",0.35,"RJ"
"141","b1","25","RJ 05",0.29,"RJ"
"142","b1","25","NE 35",0.37,"NE"
"143","b1","25","NE 35",0.37,"NE"
"144","b1","25","NE 35",0.37,"NE"
"145","b1","25","PE 05",0.34,"PE"
"146","b1","25","PE 05",0.34,"PE"
"147","b1","25","PE 05",0.35,"PE"
"148","b1","25","PE 06",0.34,"PE"
"149","b1","25","PE 06",0.32,"PE"
"150","b1","25","PE 06",0.32,"PE"
"151","b1","25","RJ 02",0.31,"RJ"
"152","b1","25","RJ 02",0.32,"RJ"
"153","b1","25","RJ 38",0.34,"RJ"
"154","b1","25","RJ 38",0.33,"RJ"
"155","b1","25","RJ 38",0.36,"RJ"
"156","b1","25","JP 32",0.37,"JP"
"157","b1","25","JP 32",0.33,"JP"
"158","b1","25","JP 32",0.33,"JP"
"159","b1","25","JP 47",0.35,"JP"
"160","b1","25","JP 47",0.31,"JP"
"161","b1","25","JP 47",0.36,"JP"
"162","b1","25","NE 18",0.34,"NE"
"163","b1","25","NE 18",0.33,"NE"
"164","b1","25","PE 17",0.38,"PE"
"165","b1","25","PE 17",0.38,"PE"
"166","b1","25","PE 17",0.38,"PE"
"167","b1","25","PE 25",0.37,"PE"
"168","b1","25","PE 25",0.36,"PE"
"169","b1","25","PE 25",0.33,"PE"
"170","b1","25","JP 40",0.36,"JP"
"171","b1","25","JP 40",0.36,"JP"
"172","b1","25","NE 26",0.37,"NE"
"173","b1","25","NE 26",0.37,"NE"
"174","b1","25","NE 26",0.37,"NE"
"175","b1","25","PE 23",0.38,"PE"
"176","b1","25","PE 23",0.35,"PE"
"177","b1","25","PE 23",0.35,"PE"
"178","b1","25","RJ 21",0.34,"RJ"
"179","b1","25","RJ 21",0.33,"RJ"
"180","b1","25","RJ 21",0.34,"RJ"
"181","b1","25","RJ 40",0.34,"RJ"
"182","b1","25","RJ 40",0.34,"RJ"
"183","b1","25","RJ 32",0.32,"RJ"
"184","b2","25","JP 24",0.31,"JP"
"185","b2","25","JP 24",0.3,"JP"
"186","b2","25","JP 24",0.29,"JP"
"187","b2","25","JP 26",0.33,"JP"
"188","b2","25","JP 26",0.3,"JP"
"189","b2","25","JP 26",0.34,"JP"
"190","b2","25","JP 28",0.36,"JP"
"191","b2","25","JP 28",0.41,"JP"
"192","b2","25","NE 09",0.4,"NE"
"193","b2","25","NE 09",0.36,"NE"
"194","b2","25","NE 09",0.39,"NE"
"195","b2","25","NE 15",0.36,"NE"
"196","b2","25","NE 15",0.38,"NE"
"197","b2","25","NE 15",0.34,"NE"
"198","b2","25","PE 10",0.36,"PE"
"199","b2","25","PE 10",0.36,"PE"
"200","b2","25","PE 10",0.37,"PE"
"201","b2","25","JP 22",0.35,"JP"
"202","b2","25","JP 22",0.33,"JP"
"203","b2","25","JP 22",0.32,"JP"
"204","b2","25","RJ 04",0.35,"RJ"
"205","b2","25","RJ 04",0.34,"RJ"
"206","b2","25","RJ 04",0.33,"RJ"
"207","b2","25","RJ 10",0.33,"RJ"
"208","b2","25","RJ 10",0.3,"RJ"
"209","b2","25","RJ 10",0.33,"RJ"
"210","b2","25","RJ 15",0.32,"RJ"
"211","b2","25","RJ 15",0.28,"RJ"
"212","b2","25","RJ 19",0.31,"RJ"
"213","b2","25","RJ 19",0.33,"RJ"
"214","b2","25","RJ 19",0.34,"RJ"
"215","b2","25","JP 33",0.33,"JP"
"216","b2","25","JP 33",0.31,"JP"
"217","b2","25","JP 33",0.31,"JP"
"218","b2","25","JP 39",0.31,"JP"
"219","b2","25","JP 39",0.31,"JP"
"220","b2","25","JP 39",0.32,"JP"
"221","b2","25","PE 13",0.33,"PE"
"222","b2","25","PE 13",0.34,"PE"
"223","b2","25","PE 13",0.32,"PE"
"224","b2","25","PE 16",0.35,"PE"
"225","b2","25","PE 16",0.32,"PE"
"226","b2","25","PE 16",0.34,"PE"
"227","b2","25","RJ 17",0.34,"RJ"
"228","b2","25","RJ 17",0.33,"RJ"
"229","b2","25","RJ 17",0.33,"RJ"
"230","b2","25","NE 01",0.35,"NE"
"231","b2","25","NE 01",0.37,"NE"
"232","b2","25","NE 01",0.37,"NE"
"233","b2","25","NE 04",0.4,"NE"
"234","b2","25","NE 04",0.42,"NE"
"235","b2","25","NE 04",0.41,"NE"
"236","b2","25","NE 05",0.37,"NE"
"237","b2","25","PE 02",0.32,"PE"
"238","b2","25","PE 02",0.32,"PE"
"239","b2","25","PE 02",0.34,"PE"
"240","b2","25","PE 03",0.34,"PE"
"241","b2","25","PE 03",0.32,"PE"
"242","b2","25","PE 03",0.36,"PE"
"243","b2","25","RJ 26",0.37,"RJ"
"244","b2","25","RJ 26",0.38,"RJ"
"245","b2","25","JP 05",0.31,"JP"
"246","b2","25","JP 05",0.35,"JP"
"247","b2","25","JP 05",0.28,"JP"
"248","b2","25","JP 10",0.36,"JP"
"249","b2","25","JP 10",0.34,"JP"
"250","b2","25","JP 10",0.33,"JP"
"251","b2","25","JP 46",0.36,"JP"
"252","b2","25","JP 46",0.31,"JP"
"253","b2","25","JP 46",0.35,"JP"
"254","b2","25","NE 06",0.34,"NE"
"255","b2","25","NE 06",0.36,"NE"
"256","b2","25","NE 06",0.34,"NE"
"257","b2","25","PE 04",0.33,"PE"
"258","b2","25","PE 04",0.32,"PE"
"259","b2","25","PE 04",0.3,"PE"
"260","b2","25","RJ 05",0.32,"RJ"
"261","b2","25","RJ 05",0.32,"RJ"
"262","b2","25","RJ 05",0.33,"RJ"
"263","b2","25","JP 40",0.37,"JP"
"264","b2","25","JP 40",0.31,"JP"
"265","b2","25","JP 40",0.33,"JP"
"266","b2","25","NE 30",0.31,"NE"
"267","b2","25","NE 30",0.36,"NE"
"268","b2","25","NE 30",0.34,"NE"
"269","b2","25","NE 44",0.33,"NE"
"270","b2","25","NE 44",0.35,"NE"
"271","b2","25","PE 19",0.36,"PE"
"272","b2","25","PE 19",0.35,"PE"
"273","b2","25","PE 19",0.34,"PE"
"274","b2","25","PE 22",0.37,"PE"
"275","b2","25","PE 22",0.32,"PE"
"276","b2","25","PE 22",0.32,"PE"
"277","b2","25","RJ 31",0.35,"RJ"
"278","b2","25","RJ 31",0.3,"RJ"
"279","b2","25","RJ 31",0.33,"RJ"
"280","b2","25","JP 13",0.36,"JP"
"281","b2","25","JP 13",0.33,"JP"
"282","b2","25","JP 13",0.36,"JP"
"283","b2","25","JP 52",0.32,"JP"
"284","b2","25","JP 52",0.34,"JP"
"285","b2","25","NE 47",0.32,"NE"
"286","b2","25","PE 01",0.33,"PE"
"287","b2","25","RJ 06",0.33,"RJ"
"288","b2","25","RJ 06",0.34,"RJ"
"289","b2","25","RJ 38",0.32,"RJ"
"290","b2","25","RJ 38",0.3,"RJ"
"291","b2","25","JP 16",0.34,"JP"
"292","b2","25","JP 23",0.34,"JP"
"293","b2","25","JP 23",0.33,"JP"
"294","b2","25","JP 23",0.33,"JP"
"295","b2","25","JP 30",0.32,"JP"
"296","b2","25","JP 30",0.31,"JP"
"297","b2","25","NE 10",0.38,"NE"
"298","b2","25","NE 10",0.36,"NE"
"299","b2","25","NE 10",0.36,"NE"
"300","b2","25","NE 14",0.35,"NE"
"301","b2","25","NE 14",0.35,"NE"
"302","b2","25","NE 14",0.32,"NE"
"303","b2","25","PE 08",0.34,"PE"
"304","b2","25","PE 08",0.34,"PE"
"305","b2","25","PE 08",0.32,"PE"
"306","b2","25","JP 50",0.34,"JP"
"307","b2","25","JP 50",0.33,"JP"
"308","b2","25","JP 50",0.31,"JP"
"309","b2","25","NE 26",0.32,"NE"
"310","b2","25","NE 39",0.32,"NE"
"311","b2","25","NE 39",0.33,"NE"
"312","b2","25","PE 12",0.33,"PE"
"313","b2","25","PE 12",0.36,"PE"
"314","b2","25","PE 23",0.31,"PE"
"315","b2","25","RJ 42",0.31,"RJ"
"316","b2","25","RJ 42",0.31,"RJ"
"317","b2","25","JP 12",0.34,"JP"
"318","b2","25","PE 18",0.37,"PE"
"319","b2","25","PE 18",0.33,"PE"
"320","b2","25","PE 18",0.35,"PE"
"321","b2","25","PE 24",0.34,"PE"
"322","b2","25","PE 24",0.34,"PE"
"323","b2","25","PE 24",0.34,"PE"
"324","b2","25","RJ 09",0.36,"RJ"
"325","b2","25","RJ 09",0.35,"RJ"
"326","b2","25","RJ 09",0.35,"RJ"
"327","b2","25","RJ 35",0.32,"RJ"
"328","b2","25","RJ 35",0.33,"RJ"
"329","b2","25","RJ 35",0.36,"RJ"
"330","b2","25","RJ 41",0.31,"RJ"
"331","b2","25","RJ 41",0.3,"RJ"
"332","b2","25","RJ 41",0.33,"RJ"
"333","b2","25","NE 19",0.35,"NE"
"334","b2","25","NE 19",0.35,"NE"
"335","b2","25","NE 21",0.37,"NE"
"336","b2","25","NE 21",0.39,"NE"
"337","b2","25","NE 21",0.37,"NE"
"338","b2","25","PE 15",0.33,"PE"
"339","b2","25","PE 15",0.33,"PE"
"340","b2","25","RJ 12",0.33,"RJ"
"341","b2","25","RJ 12",0.34,"RJ"
"342","b2","25","RJ 22",0.38,"RJ"
"343","b2","25","RJ 22",0.35,"RJ"
"344","b2","25","RJ 22",0.38,"RJ"
"345","b2","25","JP 35",0.34,"JP"
"346","b2","25","JP 35",0.34,"JP"
"347","b2","25","JP 35",0.33,"JP"
"348","b2","25","PE 14",0.37,"PE"
"349","b2","25","PE 14",0.33,"PE"
"350","b2","25","PE 14",0.33,"PE"
"351","b2","25","PE 17",0.37,"PE"
"352","b2","25","PE 17",0.36,"PE"
"353","b2","25","PE 17",0.37,"PE"
"354","b2","25","RJ 21",0.36,"RJ"
"355","b2","25","RJ 21",0.34,"RJ"
"356","b2","25","RJ 21",0.36,"RJ"
"357","b2","25","RJ 27",0.34,"RJ"
"358","b2","25","RJ 27",0.32,"RJ"
"359","b2","25","RJ 27",0.28,"RJ"
"360","b2","25","JP 32",0.38,"JP"
"361","b2","25","JP 32",0.38,"JP"
"362","b2","25","JP 32",0.4,"JP"
"363","b2","25","NE 17",0.33,"NE"
"364","b2","25","NE 17",0.34,"NE"
"365","b2","25","NE 17",0.32,"NE"
"366","b2","25","NE 18",0.39,"NE"
"367","b2","25","NE 18",0.41,"NE"
"368","b2","25","NE 18",0.42,"NE"
"369","b2","25","NE 22",0.36,"NE"
"370","b2","25","NE 22",0.35,"NE"
"371","b2","25","NE 22",0.37,"NE"
"372","b2","25","NE 23",0.33,"NE"
"373","b2","25","NE 23",0.35,"NE"
"374","b2","25","NE 23",0.33,"NE"
"375","b2","25","JP 38",0.34,"JP"
"376","b2","18","JP 24",0.36,"JP"
"377","b2","18","JP 24",0.36,"JP"
"378","b2","18","JP 24",0.37,"JP"
"379","b2","18","JP 26",0.35,"JP"
"380","b2","18","JP 26",0.38,"JP"
"381","b2","18","JP 26",0.38,"JP"
"382","b2","18","JP 28",0.37,"JP"
"383","b2","18","JP 28",0.36,"JP"
"384","b2","18","JP 28",0.36,"JP"
"385","b2","18","NE 09",0.39,"NE"
"386","b2","18","NE 09",0.37,"NE"
"387","b2","18","NE 15",0.38,"NE"
"388","b2","18","NE 15",0.36,"NE"
"389","b2","18","NE 15",0.35,"NE"
"390","b2","18","PE 10",0.36,"PE"
"391","b2","18","PE 10",0.35,"PE"
"392","b2","18","PE 10",0.35,"PE"
"393","b2","18","JP 10",0.35,"JP"
"394","b2","18","JP 10",0.34,"JP"
"395","b2","18","JP 22",0.36,"JP"
"396","b2","18","JP 22",0.34,"JP"
"397","b2","18","JP 22",0.36,"JP"
"398","b2","18","NE 05",0.37,"NE"
"399","b2","18","NE 05",0.35,"NE"
"400","b2","18","NE 05",0.37,"NE"
"401","b2","18","NE 23",0.38,"NE"
"402","b2","18","RJ 15",0.38,"RJ"
"403","b2","18","RJ 15",0.36,"RJ"
"404","b2","18","RJ 15",0.36,"RJ"
"405","b2","18","RJ 19",0.33,"RJ"
"406","b2","18","RJ 19",0.36,"RJ"
"407","b2","18","RJ 19",0.37,"RJ"
"408","b2","18","JP 33",0.36,"JP"
"409","b2","18","JP 33",0.37,"JP"
"410","b2","18","JP 39",0.37,"JP"
"411","b2","18","JP 39",0.36,"JP"
"412","b2","18","JP 39",0.37,"JP"
"413","b2","18","PE 16",0.38,"PE"
"414","b2","18","PE 16",0.4,"PE"
"415","b2","18","PE 16",0.39,"PE"
"416","b2","18","PE 17",0.36,"PE"
"417","b2","18","PE 17",0.38,"PE"
"418","b2","18","RJ 26",0.36,"RJ"
"419","b2","18","RJ 26",0.36,"RJ"
"420","b2","18","RJ 26",0.35,"RJ"
"421","b2","18","JP 30",0.37,"JP"
"422","b2","18","JP 30",0.35,"JP"
"423","b2","18","NE 10",0.38,"NE"
"424","b2","18","NE 10",0.38,"NE"
"425","b2","18","NE 10",0.38,"NE"
"426","b2","18","PE 03",0.36,"PE"
"427","b2","18","PE 03",0.34,"PE"
"428","b2","18","PE 03",0.33,"PE"
"429","b2","18","PE 12",0.37,"PE"
"430","b2","18","RJ 09",0.37,"RJ"
"431","b2","18","RJ 09",0.37,"RJ"
"432","b2","18","RJ 17",0.35,"RJ"
"433","b2","18","RJ 17",0.34,"RJ"
"434","b2","18","RJ 17",0.37,"RJ"
"435","b2","18","JP 05",0.36,"JP"
"436","b2","18","JP 05",0.36,"JP"
"437","b2","18","JP 05",0.35,"JP"
"438","b2","18","JP 46",0.37,"JP"
"439","b2","18","JP 46",0.36,"JP"
"440","b2","18","JP 46",0.36,"JP"
"441","b2","18","NE 01",0.4,"NE"
"442","b2","18","NE 01",0.38,"NE"
"443","b2","18","NE 01",0.36,"NE"
"444","b2","18","PE 02",0.34,"PE"
"445","b2","18","PE 02",0.38,"PE"
"446","b2","18","PE 08",0.39,"PE"
"447","b2","18","PE 08",0.39,"PE"
"448","b2","18","RJ 12",0.38,"RJ"
"449","b2","18","RJ 12",0.37,"RJ"
"450","b2","18","RJ 12",0.35,"RJ"
"451","b2","18","JP 40",0.37,"JP"
"452","b2","18","JP 40",0.34,"JP"
"453","b2","18","NE 44",0.39,"NE"
"454","b2","18","NE 44",0.38,"NE"
"455","b2","18","NE 44",0.38,"NE"
"456","b2","18","PE 18",0.37,"PE"
"457","b2","18","PE 18",0.38,"PE"
"458","b2","18","PE 18",0.4,"PE"
"459","b2","18","PE 19",0.32,"PE"
"460","b2","18","PE 19",0.29,"PE"
"461","b2","18","PE 19",0.28,"PE"
"462","b2","18","PE 24",0.35,"PE"
"463","b2","18","PE 24",0.35,"PE"
"464","b2","18","RJ 31",0.36,"RJ"
"465","b2","18","RJ 31",0.35,"RJ"
"466","b2","18","RJ 31",0.35,"RJ"
"467","b2","18","JP 13",0.36,"JP"
"468","b2","18","JP 13",0.37,"JP"
"469","b2","18","JP 13",0.36,"JP"
"470","b2","18","JP 16",0.36,"JP"
"471","b2","18","JP 16",0.37,"JP"
"472","b2","18","JP 16",0.36,"JP"
"473","b2","18","PE 01",0.37,"PE"
"474","b2","18","PE 01",0.38,"PE"
"475","b2","18","PE 01",0.35,"PE"
"476","b2","18","PE 22",0.36,"PE"
"477","b2","18","PE 22",0.36,"PE"
"478","b2","18","PE 22",0.35,"PE"
"479","b2","18","RJ 06",0.37,"RJ"
"480","b2","18","RJ 06",0.36,"RJ"
"481","b2","18","RJ 06",0.37,"RJ"
"482","b2","18","NE 06",0.4,"NE"
"483","b2","18","NE 06",0.4,"NE"
"484","b2","18","NE 06",0.38,"NE"
"485","b2","18","NE 07",0.4,"NE"
"486","b2","18","NE 07",0.41,"NE"
"487","b2","18","NE 14",0.36,"NE"
"488","b2","18","NE 14",0.37,"NE"
"489","b2","18","NE 17",0.36,"NE"
"490","b2","18","NE 17",0.36,"NE"
"491","b2","18","PE 04",0.36,"PE"
"492","b2","18","PE 04",0.35,"PE"
"493","b2","18","PE 04",0.39,"PE"
"494","b2","18","RJ 05",0.35,"RJ"
"495","b2","18","RJ 05",0.34,"RJ"
"496","b2","18","RJ 05",0.35,"RJ"
"497","b2","18","JP 42",0.37,"JP"
"498","b2","18","JP 42",0.36,"JP"
"499","b2","18","JP 42",0.36,"JP"
"500","b2","18","JP 50",0.37,"JP"
"501","b2","18","JP 50",0.37,"JP"
"502","b2","18","JP 50",0.37,"JP"
"503","b2","18","JP 52",0.37,"JP"
"504","b2","18","JP 52",0.38,"JP"
"505","b2","18","NE 26",0.36,"NE"
"506","b2","18","NE 26",0.38,"NE"
"507","b2","18","NE 26",0.38,"NE"
"508","b2","18","NE 30",0.39,"NE"
"509","b2","18","NE 30",0.36,"NE"
"510","b2","18","NE 39",0.35,"NE"
"511","b2","18","NE 39",0.36,"NE"
"512","b2","18","NE 39",0.33,"NE"
"513","b2","18","JP 23",0.37,"JP"
"514","b2","18","JP 23",0.33,"JP"
"515","b2","18","NE 19",0.36,"NE"
"516","b2","18","NE 19",0.38,"NE"
"517","b2","18","NE 19",0.37,"NE"
"518","b2","18","NE 21",0.39,"NE"
"519","b2","18","NE 21",0.4,"NE"
"520","b2","18","PE 15",0.38,"PE"
"521","b2","18","PE 15",0.38,"PE"
"522","b2","18","PE 15",0.35,"PE"
"523","b2","18","RJ 22",0.4,"RJ"
"524","b2","18","RJ 22",0.41,"RJ"
"525","b2","18","JP 30",0.37,"JP"
"526","b2","18","JP 30",0.37,"JP"
"527","b2","18","NE 04",0.35,"NE"
"528","b2","18","NE 04",0.41,"NE"
"529","b2","18","PE 14",0.34,"PE"
"530","b2","18","PE 14",0.33,"PE"
"531","b2","18","RJ 21",0.35,"RJ"
"532","b2","18","RJ 21",0.37,"RJ"
"533","b2","18","RJ 21",0.36,"RJ"
"534","b2","18","RJ 32",0.37,"RJ"
"535","b2","18","RJ 32",0.33,"RJ"
"536","b2","18","RJ 32",0.37,"RJ"
"537","b2","18","JP 35",0.35,"JP"
"538","b2","18","JP 35",0.35,"JP"
"539","b2","18","JP 35",0.32,"JP"
"540","b2","18","NE 18",0.37,"NE"
"541","b2","18","NE 18",0.36,"NE"
"542","b2","18","NE 18",0.35,"NE"
"543","b2","18","PE 23",0.38,"PE"
"544","b2","18","PE 23",0.36,"PE"
"545","b2","18","PE 23",0.38,"PE"
"546","b2","18","RJ 27",0.37,"RJ"
"547","b2","18","RJ 27",0.38,"RJ"
"548","b2","18","RJ 27",0.34,"RJ"
"549","b2","18","RJ 38",0.35,"RJ"
"550","b2","18","RJ 38",0.38,"RJ"
"551","b2","18","RJ 38",0.36,"RJ"
"552","b2","18","RJ 41",0.35,"RJ"
"553","b2","18","RJ 41",0.34,"RJ"
"554","b2","18","RJ 41",0.36,"RJ"
"555","b2","18","JP 32",0.36,"JP"
"556","b2","18","JP 32",0.38,"JP"
"557","b2","18","JP 32",0.39,"JP"
"558","b2","18","JP 38",0.36,"JP"
"559","b2","18","JP 38",0.35,"JP"
"560","b2","18","JP 38",0.35,"JP"
"561","b2","18","NE 17",0.41,"NE"
"562","b2","18","NE 17",0.39,"NE"
"563","b2","18","NE 17",0.38,"NE"
"564","b2","18","NE 22",0.41,"NE"
"565","b2","18","NE 22",0.39,"NE"
"566","b2","18","NE 22",0.38,"NE"
"567","b2","18","PE 17",0.35,"PE"
"568","b2","18","PE 17",0.36,"PE"
"569","b2","18","PE 17",0.36,"PE"
"570","b3","25","JP 13",0.39,"JP"
"571","b3","25","JP 13",0.39,"JP"
"572","b3","25","JP 13",0.39,"JP"
"573","b3","25","NE 06",0.38,"NE"
"574","b3","25","NE 06",0.34,"NE"
"575","b3","25","NE 06",0.38,"NE"
"576","b3","25","PE 02",0.29,"PE"
"577","b3","25","PE 02",0.32,"PE"
"578","b3","25","PE 02",0.28,"PE"
"579","b3","25","RJ 03",0.31,"RJ"
"580","b3","25","RJ 03",0.34,"RJ"
"581","b3","25","RJ 03",0.3,"RJ"
"582","b3","25","RJ 06",0.33,"RJ"
"583","b3","25","RJ 06",0.37,"RJ"
"584","b3","25","RJ 06",0.32,"RJ"
"585","b3","25","RJ 08",0.34,"RJ"
"586","b3","25","RJ 08",0.35,"RJ"
"587","b3","25","JP 10",0.32,"JP"
"588","b3","25","JP 10",0.31,"JP"
"589","b3","25","JP 14",0.33,"JP"
"590","b3","25","JP 14",0.35,"JP"
"591","b3","25","NE 07",0.34,"NE"
"592","b3","25","NE 07",0.36,"NE"
"593","b3","25","NE 08",0.34,"NE"
"594","b3","25","NE 08",0.33,"NE"
"595","b3","25","NE 08",0.34,"NE"
"596","b3","25","RJ 05",0.34,"RJ"
"597","b3","25","RJ 07",0.33,"RJ"
"598","b3","25","RJ 07",0.31,"RJ"
"599","b3","25","JP 05",0.35,"JP"
"600","b3","25","JP 05",0.36,"JP"
"601","b3","25","JP 05",0.33,"JP"
"602","b3","25","NE 04",0.35,"NE"
"603","b3","25","NE 04",0.4,"NE"
"604","b3","25","NE 04",0.31,"NE"
"605","b3","25","PE 01",0.33,"PE"
"606","b3","25","PE 01",0.31,"PE"
"607","b3","25","PE 01",0.36,"PE"
"608","b3","25","PE 03",0.32,"PE"
"609","b3","25","PE 03",0.31,"PE"
"610","b3","25","RJ 01",0.35,"RJ"
"611","b3","25","RJ 01",0.31,"RJ"
"612","b3","25","RJ 01",0.36,"RJ"
"613","b3","25","JP 12",0.34,"JP"
"614","b3","25","JP 12",0.33,"JP"
"615","b3","25","JP 12",0.33,"JP"
"616","b3","25","NE 01",0.31,"NE"
"617","b3","25","NE 02",0.35,"NE"
"618","b3","25","NE 02",0.32,"NE"
"619","b3","25","PE 06",0.32,"PE"
"620","b3","25","PE 06",0.34,"PE"
"621","b3","25","PE 06",0.33,"PE"
"622","b3","25","RJ 04",0.36,"RJ"
"623","b3","25","RJ 04",0.33,"RJ"
"624","b3","25","RJ 04",0.33,"RJ"
"625","b3","25","JP 47",0.3,"JP"
"626","b3","25","JP 47",0.29,"JP"
"627","b3","25","JP 47",0.31,"JP"
"628","b3","25","JP 49",0.36,"JP"
"629","b3","25","JP 49",0.38,"JP"
"630","b3","25","JP 49",0.33,"JP"
"631","b3","25","NE 47",0.33,"NE"
"632","b3","25","NE 47",0.33,"NE"
"633","b3","25","NE 47",0.3,"NE"
"634","b3","25","RJ 40",0.33,"RJ"
"635","b3","25","RJ 40",0.31,"RJ"
"636","b3","25","RJ 40",0.3,"RJ"
"637","b3","25","JP 42",0.31,"JP"
"638","b3","25","JP 42",0.33,"JP"
"639","b3","25","JP 42",0.31,"JP"
"640","b3","25","JP 50",0.33,"JP"
"641","b3","25","JP 50",0.31,"JP"
"642","b3","25","JP 50",0.33,"JP"
"643","b3","25","NE 30",0.33,"NE"
"644","b3","25","NE 30",0.31,"NE"
"645","b3","25","NE 30",0.32,"NE"
"646","b3","25","PE 19",0.27,"PE"
"647","b3","25","PE 19",0.29,"PE"
"648","b3","25","PE 19",0.29,"PE"
"649","b3","25","RJ 31",0.32,"RJ"
"650","b3","25","RJ 31",0.34,"RJ"
"651","b3","25","RJ 31",0.33,"RJ"
"652","b3","25","RJ 35",0.29,"RJ"
"653","b3","25","JP 52",0.32,"JP"
"654","b3","25","JP 52",0.33,"JP"
"655","b3","25","JP 52",0.37,"JP"
"656","b3","25","RJ 38",0.3,"RJ"
"657","b3","25","RJ 38",0.3,"RJ"
"658","b3","25","RJ 38",0.31,"RJ"
"659","b3","18","JP 05",0.32,"JP"
"660","b3","18","JP 05",0.37,"JP"
"661","b3","18","JP 05",0.36,"JP"
"662","b3","18","JP 10",0.34,"JP"
"663","b3","18","JP 10",0.35,"JP"
"664","b3","18","JP 10",0.36,"JP"
"665","b3","18","NE 05",0.38,"NE"
"666","b3","18","NE 05",0.31,"NE"
"667","b3","18","NE 05",0.36,"NE"
"668","b3","18","PE 05",0.36,"PE"
"669","b3","18","PE 05",0.37,"PE"
"670","b3","18","PE 05",0.34,"PE"
"671","b3","18","RJ 01",0.36,"RJ"
"672","b3","18","RJ 01",0.35,"RJ"
"673","b3","18","RJ 01",0.35,"RJ"
"674","b3","18","RJ 05",0.29,"RJ"
"675","b3","18","RJ 05",0.34,"RJ"
"676","b3","18","RJ 05",0.36,"RJ"
"677","b3","18","NE 01",0.35,"NE"
"678","b3","18","NE 01",0.33,"NE"
"679","b3","18","NE 01",0.37,"NE"
"680","b3","18","NE 02",0.39,"NE"
"681","b3","18","NE 02",0.35,"NE"
"682","b3","18","NE 02",0.38,"NE"
"683","b3","18","PE 04",0.4,"PE"
"684","b3","18","PE 04",0.4,"PE"
"685","b3","18","PE 04",0.41,"PE"
"686","b3","18","PE 13",0.39,"PE"
"687","b3","18","PE 13",0.39,"PE"
"688","b3","18","PE 13",0.38,"PE"
"689","b3","18","RJ 04",0.35,"RJ"
"690","b3","18","RJ 04",0.35,"RJ"
"691","b3","18","RJ 04",0.32,"RJ"
"692","b3","18","RJ 07",0.39,"RJ"
"693","b3","18","RJ 07",0.35,"RJ"
"694","b3","18","RJ 07",0.36,"RJ"
"695","b3","18","JP 12",0.32,"JP"
"696","b3","18","JP 12",0.31,"JP"
"697","b3","18","JP 13",0.32,"JP"
"698","b3","18","JP 13",0.33,"JP"
"699","b3","18","JP 13",0.33,"JP"
"700","b3","18","NE 03",0.34,"NE"
"701","b3","18","NE 03",0.3,"NE"
"702","b3","18","NE 03",0.34,"NE"
"703","b3","18","NE 06",0.36,"NE"
"704","b3","18","NE 06",0.36,"NE"
"705","b3","18","NE 06",0.36,"NE"
"706","b3","18","PE 06",0.32,"PE"
"707","b3","18","PE 06",0.31,"PE"
"708","b3","18","RJ 02",0.35,"RJ"
"709","b3","18","RJ 02",0.34,"RJ"
"710","b3","18","RJ 02",0.32,"RJ"
"711","b3","18","JP 14",0.35,"JP"
"712","b3","18","JP 14",0.35,"JP"
"713","b3","18","JP 14",0.34,"JP"
"714","b3","18","JP 46",0.34,"JP"
"715","b3","18","JP 46",0.28,"JP"
"716","b3","18","JP 46",0.31,"JP"
"717","b3","18","PE 01",0.38,"PE"
"718","b3","18","PE 01",0.38,"PE"
"719","b3","18","PE 01",0.37,"PE"
"720","b3","18","PE 02",0.38,"PE"
"721","b3","18","PE 02",0.37,"PE"
"722","b3","18","PE 02",0.37,"PE"
"723","b3","18","PE 22",0.31,"PE"
"724","b3","18","PE 22",0.32,"PE"
"725","b3","18","PE 22",0.31,"PE"
"726","b3","18","JP 49",0.37,"JP"
"727","b3","18","JP 49",0.34,"JP"
"728","b3","18","JP 49",0.36,"JP"
"729","b3","18","PE 19",0.3,"PE"
"730","b3","18","PE 19",0.25,"PE"
"731","b3","18","PE 19",0.26,"PE"
"732","b3","18","RJ 31",0.31,"RJ"
"733","b3","18","RJ 31",0.34,"RJ"
"734","b3","18","RJ 32",0.33,"RJ"
"735","b3","18","RJ 32",0.33,"RJ"
"736","b3","18","RJ 32",0.35,"RJ"
"737","b3","18","RJ 42",0.36,"RJ"
"738","b3","18","RJ 42",0.31,"RJ"
"739","b3","18","RJ 42",0.3,"RJ"
"740","b3","18","JP 10",0.34,"JP"
"741","b3","18","JP 10",0.33,"JP"
"742","b3","18","JP 10",0.36,"JP"
"743","b3","18","JP 42",0.35,"JP"
"744","b3","18","JP 42",0.32,"JP"
"745","b3","18","NE 47",0.33,"NE"
"746","b3","18","NE 47",0.36,"NE"
"747","b3","18","PE 22",0.32,"PE"
"748","b3","18","PE 22",0.32,"PE"
"749","b3","18","PE 22",0.32,"PE"
"750","b3","18","RJ 35",0.31,"RJ"
"751","b3","18","RJ 35",0.32,"RJ"
"752","b3","18","RJ 40",0.35,"RJ"
"753","b3","18","RJ 40",0.35,"RJ"
"754","b3","18","RJ 40",0.36,"RJ"
"755","b3","18","RJ 38",0.32,"RJ"
"756","b3","18","RJ 38",0.33,"RJ"
"757","b3","18","RJ 38",0.32,"RJ"
